<beans xmlns="http://www.springframework.org/schema/beans"
	xmlns:xsi="http://www.w3.org/2001/XMLSchema-instance"
	xsi:schemaLocation="http://www.springframework.org/schema/beans
	http://www.springframework.org/schema/beans/spring-beans-3.0.xsd">
 
	<bean id="customerMgr" class="com.flightressystem.model.business.CustomerMgr">
		 <property name="customerSvc" ref="customerSvc" />		
	</bean>
	
	
	<bean id="customerSvc" class="com.flightressystem.model.services.CustomerSvcImpl">
		</bean> 
		
	<bean id="creditCardMgr" class="com.flightressystem.model.business.CreditCardMgr">
		<property name="creditCardSvc" ref="creditCardSvc" />		
	</bean>
		
	<bean id="creditCardSvc" class="com.flightressystem.model.services.CreditCardSvcImpl">
		</bean>
		
	<bean id="AirlineMgr" class="com.flightressystem.model.business.AirlineMgr">
		<property name="airlineSvc" ref="airlineSvc" />		
	</bean>
		
	<bean id="airlineSvc" class="com.flightressystem.model.services.AirlineSvcImpl">
		</bean>
		
	<bean id="CustomerLoginMgr" class="com.flightressystem.model.business.CustomerLoginMgr">
		<property name="customerLoginSvc" ref="customerLoginSvc" />		
	</bean>
		
	<bean id="customerLoginSvc" class="com.flightressystem.model.services.CustomerLoginSvcImpl">
		</bean>
		
	<bean id="flightMgr" class="com.flightressystem.model.business.FlightMgr">
		<property name="flightSvc" ref="flightSvc" />		
	</bean>
		
	<bean id="flightSvc" class="com.flightressystem.model.services.FlightSvcImpl">
		</bean>
		
	<bean id="travelItineraryMgr" class="com.flightressystem.model.business.TravelItineraryMgr">
		<property name="travelItinerarySvc" ref="travelItinerarySvc" />		
	</bean>
		
	<bean id="travelItinerarySvc" class="com.flightressystem.model.services.TravelItinerarySvcImpl">
		</bean>
		
		<bean id="travelReservationMgr" class="com.flightressystem.model.business.TravelReservationMgr">
		<property name="travelReservationSvc" ref="travelReservationSvc" />		
	</bean>
		
	<bean id="travelReservationSvc" class="com.flightressystem.model.services.TravelReservationSvcImpl">
		</bean>
		
	<bean id="availableFlightsMgr" class="com.flightressystem.model.business.AvailableFlightsMgr">
		<property name="availableFlightsSvc" ref="availableFlightsSvc" />		
	</bean>
		
	<bean id="availableFlightsSvc" class="com.flightressystem.model.services.AvailableFlightsSvcImpl">
		</bean>
	
	<!--	Uncomment to use Hibernate implementation -->		
	<!--
	<bean id="fleetRentalDao" class="com.fleetrentalspringsample.model.dao.hibernate.FleetRentalHibernateDaoImpl" />
 -->
	
<!--	<bean id="fleetRentalDao" class="com.fleetrentalspringsample.model.dao.jdbc.FleetRentalJDBCDaoImpl" >
		 <property name="jdbcUrl" value="jdbc:mysql://localhost:3306/regis" />
		 <property name="jdbcUser" value="root" />
		 <property name="jdbcPassword" value="admin" />
	</bean> -->
	
		
	
</beans>