
{
    "jdbc":{
        "url":" jdbc:mysql://localhost:3306/regis",
        "user":" root",
        "password":" admin"},
        
    "services":[
    {
            "interfaceName": "IAirlineSvc",
            "implementation": "com.flightressystem.model.services.AirlineSvcImpl" 
        },
        {
            "interfaceName":"IAvailableFlightsSvc",
            "implementation":"com.flightressystem.model.services.AvailableFlightsSvcImpl"
        },
        {
            "interfaceName":"ICreditCardSvc",
            "implementation":"com.flightressystem.model.services.CreditCardSvcImpl"
        },
        {
            "interfaceName":"ICustomerLoginSvc",
            "implementation":"com.flightressystem.model.services.CustomerLoginSvcImpl"
        },
        {
            "interfaceName":"ICustomerSvc",
            "implementation":"com.flightressystem.model.services.CustomerSvcImpl"
        },
        {
            "interfaceName":"IFlightSvc",
            "implementation":"com.flightressystem.model.services.FlightSvcImpl"
        },
        {
            "interfaceName":"ITravelItinerarySvc",
            "implementation":"com.flightressystem.model.services.TravelItinerarySvcImpl"
        },
        {
            "interfaceName":"ITravelReservationSvc",
            "implementation":"com.flightressystem.model.services.TravelReservationSvcImpl"
        }
    ]
   
}
