{
    "$schema": "http://json-schema.org/draft-07/schema",
    "$id": "http://example.com/example.json",
    "type": "object",
    "title": "The root schema",
    "description": "The root schema comprises the entire JSON document.",
    "default": {},
    "examples": [
        {
            "jdbc": {
                "url": " jdbc:mysql://localhost:3306/regis",
                "user": " root",
                "password": " admin"
            },
            "services": [
                {
                    "interfaceName": "IAirlineSvc",
                    "implementation": "com.flightressystem.model.services.AirlineSvcImpl"
                },
                {
                    "interfaceName": "IAvailableFlightsSvc",
                    "implementation": "com.flightressystem.model.services.AvailableFlightsSvcImpl"
                },
                {
                    "interfaceName": "ICreditCardSvc",
                    "implementation": "com.flightressystem.model.services.CreditCardSvcImpl"
                },
                {
                    "interfaceName": "ICustomerLoginSvc",
                    "implementation": "com.flightressystem.model.services.CustomerLoginSvcImpl"
                },
                {
                    "interfaceName": "ICustomerSvc",
                    "implementation": "com.flightressystem.model.services.CustomerSvcImpl"
                },
                {
                    "interfaceName": "IFlightSvc",
                    "implementation": "com.flightressystem.model.services.FlightSvcImpl"
                },
                {
                    "interfaceName": "ITravelItinerarySvc",
                    "implementation": "com.flightressystem.model.services.TravelItinerarySvcImpl"
                },
                {
                    "interfaceName": "ITravelReservationSvc",
                    "implementation": "com.flightressystem.model.services.TravelReservationSvcImpl"
                }
            ]
        }
    ],
    "required": [
        "jdbc",
        "services"
    ],
    "properties": {
        "jdbc": {
            "$id": "#/properties/jdbc",
            "type": "object",
            "title": "The jdbc schema",
            "description": "An explanation about the purpose of this instance.",
            "default": {},
            "examples": [
                {
                    "url": " jdbc:mysql://localhost:3306/regis",
                    "user": " root",
                    "password": " admin"
                }
            ],
            "required": [
                "url",
                "user",
                "password"
            ],
            "properties": {
                "url": {
                    "$id": "#/properties/jdbc/properties/url",
                    "type": "string",
                    "title": "The url schema",
                    "description": "An explanation about the purpose of this instance.",
                    "default": "",
                    "examples": [
                        " jdbc:mysql://localhost:3306/regis"
                    ]
                },
                "user": {
                    "$id": "#/properties/jdbc/properties/user",
                    "type": "string",
                    "title": "The user schema",
                    "description": "An explanation about the purpose of this instance.",
                    "default": "",
                    "examples": [
                        " root"
                    ]
                },
                "password": {
                    "$id": "#/properties/jdbc/properties/password",
                    "type": "string",
                    "title": "The password schema",
                    "description": "An explanation about the purpose of this instance.",
                    "default": "",
                    "examples": [
                        " admin"
                    ]
                }
            },
            "additionalProperties": false
        },
        "services": {
            "$id": "#/properties/services",
            "type": "array",
            "title": "The services schema",
            "description": "An explanation about the purpose of this instance.",
            "default": [],
            "examples": [
                [
                    {
                        "interfaceName": "IAirlineSvc",
                        "implementation": "com.flightressystem.model.services.AirlineSvcImpl"
                    },
                    {
                        "interfaceName": "IAvailableFlightsSvc",
                        "implementation": "com.flightressystem.model.services.AvailableFlightsSvcImpl"
                    }
                ]
            ],
            "additionalItems": false,
            "items": {
                "$id": "#/properties/services/items",
                "anyOf": [
                    {
                        "$id": "#/properties/services/items/anyOf/0",
                        "type": "object",
                        "title": "The first anyOf schema",
                        "description": "An explanation about the purpose of this instance.",
                        "default": {},
                        "examples": [
                            {
                                "interfaceName": "IAirlineSvc",
                                "implementation": "com.flightressystem.model.services.AirlineSvcImpl"
                            }
                        ],
                        "required": [
                            "interfaceName",
                            "implementation"
                        ],
                        "properties": {
                            "interfaceName": {
                                "$id": "#/properties/services/items/anyOf/0/properties/interfaceName",
                                "type": "string",
                                "title": "The interfaceName schema",
                                "description": "An explanation about the purpose of this instance.",
                                "default": "",
                                "examples": [
                                    "IAirlineSvc"
                                ]
                            },
                            "implementation": {
                                "$id": "#/properties/services/items/anyOf/0/properties/implementation",
                                "type": "string",
                                "title": "The implementation schema",
                                "description": "An explanation about the purpose of this instance.",
                                "default": "",
                                "examples": [
                                    "com.flightressystem.model.services.AirlineSvcImpl"
                                ]
                            }
                        },
                        "additionalProperties": false
                    }
                ]
            }
        }
    },
    "additionalProperties": false
}