<?xml version="1.0" encoding="UTF-8"?>
<!DOCTYPE hibernate-configuration PUBLIC "-//Hibernate/Hibernate Configuration DTD 3.0//EN" "http://hibernate.sourceforge.net/hibernate-configuration-3.0.dtd">
<!-- Generated by MyEclipse Hibernate Tools.                   -->
<hibernate-configuration>
  <session-factory>
    <property name="connection.username">root</property>
    <property name="connection.password">admin</property>
    <property name="connection.url">jdbc:mysql://localhost:3306/regis</property>
    <property name="dialect">org.hibernate.dialect.MySQLDialect</property>
    <property name="connection.driver_class">com.mysql.cj.jdbc.Driver</property>
    <property name="show_sql">true</property>
    <property name="hibernate.id.new_generator_mappings">false</property>
    
    <!-- 
NOTE:   
This configuration file is located in the config folder. NetBeans copies this 
hbm file to the classes folder and hence can be found without having to refer to 
the config folder 
        -->
    <mapping class="com.flightressystem.model.domain.Customer"></mapping>
    <mapping class="com.flightressystem.model.domain.CreditCard"></mapping>
    
  </session-factory>
</hibernate-configuration>
